City_ID,City,Country,Date,Lat,Lng,Max Temp,Humidity,Cloudiness,Wind Speed
0,Bathsheba,BB,2022-06-05 15:37:52,13.2167,-59.5167,88.41,66,40,28.77
1,Vila Franca Do Campo,PT,2022-06-05 15:37:53,37.7167,-25.4333,66.61,75,100,9.53
2,Cehegin,ES,2022-06-05 15:37:53,38.0924,-1.7985,86.9,19,100,9.91
3,Tashtagol,RU,2022-06-05 15:37:53,52.7657,87.8894,47.79,99,100,3.33
4,Ushuaia,AR,2022-06-05 15:36:04,-54.8,-68.3,42.46,65,75,9.22
5,Amapa,BR,2022-06-05 15:37:54,1.0,-52.0,87.71,55,79,2.73
6,Yarensk,RU,2022-06-05 15:37:54,62.1675,49.0916,59.49,76,100,3.09
7,Nagua,DO,2022-06-05 15:37:55,19.3832,-69.8474,89.91,70,20,17.27
8,Corinto,GR,2022-06-05 15:37:55,37.9407,22.9573,95.41,38,1,6.24
9,Saint-Philippe,RE,2022-06-05 15:37:56,-21.3585,55.7679,72.99,77,44,15.95
10,Gashua,NG,2022-06-05 15:37:56,12.871,11.0482,96.94,26,44,4.5
11,Puerto Del Rosario,ES,2022-06-05 15:37:57,28.5004,-13.8627,76.75,61,20,21.85
12,Aksu,CN,2022-06-05 15:37:57,41.1231,80.2644,77.29,12,0,2.51
13,Grindavik,IS,2022-06-05 15:37:58,63.8424,-22.4338,48.67,100,100,14.97
14,Japura,ID,2022-06-05 15:37:58,-0.3167,102.35,75.06,96,96,3.06
15,Kindu,CD,2022-06-05 15:37:58,-2.95,25.95,78.67,69,72,2.19
16,Bell Ville,AR,2022-06-05 15:37:59,-32.6259,-62.6887,61.81,46,47,3.31
17,Buenaventura,CO,2022-06-05 15:37:59,3.8801,-77.0312,75.67,96,98,0.92
18,Narsaq,GL,2022-06-05 15:37:59,60.9167,-46.05,62.82,36,20,7.27
19,Port Elizabeth,ZA,2022-06-05 15:38:00,-33.918,25.5701,62.89,73,0,6.91
20,Lagoa,PT,2022-06-05 15:38:00,39.05,-27.9833,63.48,86,99,14.23
21,Punta Arenas,CL,2022-06-05 15:38:01,-53.15,-70.9167,39.31,56,0,12.66
22,Geraldton,AU,2022-06-05 15:38:01,-28.7667,114.6,54.01,58,36,5.75
23,Ribeira Grande,PT,2022-06-05 15:38:01,38.5167,-28.7,64.8,94,75,9.22
24,Stykkisholmur,IS,2022-06-05 15:38:02,65.0757,-22.7297,46.54,73,100,11.03
25,Hithadhoo,MV,2022-06-05 15:35:26,-0.6,73.0833,83.91,68,81,5.06
26,Cape Town,ZA,2022-06-05 15:38:02,-33.9258,18.4232,70.21,53,0,3.44
27,Muros,ES,2022-06-05 15:38:03,42.7762,-9.0603,69.1,72,98,7.76
28,Mar Del Plata,AR,2022-06-05 15:38:03,-38.0023,-57.5575,54.95,76,40,5.01
29,Aripuana,BR,2022-06-05 15:38:04,-9.1667,-60.6333,93.54,36,8,1.72
30,Xuddur,SO,2022-06-05 15:38:04,4.1213,43.8894,80.71,53,99,15.19
31,Bara,NG,2022-06-05 15:38:04,10.3744,10.7288,90.75,35,92,9.31
32,Saint-Gilles,FR,2022-06-05 15:38:05,43.6766,4.4302,92.35,29,0,5.75
33,Port-Gentil,GA,2022-06-05 15:38:05,-0.7193,8.7815,82.36,78,20,11.5
34,Bandarbeyla,SO,2022-06-05 15:38:06,9.4942,50.8122,79.47,81,86,24.94
35,Husavik,IS,2022-06-05 15:38:06,66.0449,-17.3389,49.03,51,91,13.09
36,Krumbach,DE,2022-06-05 15:38:06,48.2418,10.3632,65.61,93,99,11.79
37,Atbasar,KZ,2022-06-05 15:38:07,51.8,68.3333,57.36,46,100,5.14
38,Bambous Virieux,MU,2022-06-05 15:38:07,-20.3428,57.7575,73.22,88,75,14.97
39,Jamestown,US,2022-06-05 15:35:13,42.097,-79.2353,71.02,31,0,7.0
40,Bredasdorp,ZA,2022-06-05 15:34:16,-34.5322,20.0403,57.65,91,35,9.44
41,Santa Rosa,PH,2022-06-05 15:38:08,14.3122,121.1114,85.1,80,84,3.02
42,Torbay,CA,2022-06-05 15:35:31,47.6666,-52.7314,51.89,80,75,18.41
43,Jatai,BR,2022-06-05 15:38:09,-17.8814,-51.7144,86.31,31,0,9.22
44,Constantine,DZ,2022-06-05 15:35:12,36.365,6.6147,98.01,23,0,10.36
45,Cartagena,CO,2022-06-05 15:37:34,10.3997,-75.5144,87.42,66,40,4.61
46,Kuytun,RU,2022-06-05 15:39:09,54.3419,101.5036,45.64,81,54,7.43
47,Hermanus,ZA,2022-06-05 15:39:10,-34.4187,19.2345,65.8,61,30,8.5
48,Guntakal,IN,2022-06-05 15:39:10,15.1667,77.3833,84.72,53,100,13.69
49,Upernavik,GL,2022-06-05 15:39:11,72.7868,-56.1549,29.25,55,0,7.7
50,Khandbari,NP,2022-06-05 15:39:11,27.3747,87.2039,73.99,81,90,1.74
51,Kamina,CD,2022-06-05 15:39:11,-8.7386,24.9906,69.87,46,25,5.23
52,Prado,BR,2022-06-05 15:39:12,-17.3411,-39.2208,76.41,54,94,13.49
53,Fort-Shevchenko,KZ,2022-06-05 15:39:12,44.5086,50.263,76.28,44,99,4.21
54,Bafq,IR,2022-06-05 15:39:13,31.6128,55.4107,87.93,12,0,10.98
55,Portree,GB,2022-06-05 15:39:13,57.4129,-6.1942,61.52,74,77,6.24
56,Mahebourg,MU,2022-06-05 15:39:13,-20.4081,57.7,73.26,88,75,14.97
57,Sinnamary,GF,2022-06-05 15:39:14,5.3833,-52.95,79.9,83,99,4.94
58,Vardo,NO,2022-06-05 15:39:14,70.3705,31.1107,44.58,87,75,19.57
59,Beruwala,LK,2022-06-05 15:39:15,6.4788,79.9828,78.31,88,93,8.97
60,Aktash,RU,2022-06-05 15:39:15,50.3,87.7333,35.58,85,100,4.5
61,Qaanaaq,GL,2022-06-05 15:39:16,77.484,-69.3632,30.85,66,1,4.27
62,Ponta Do Sol,PT,2022-06-05 15:39:16,32.6667,-17.1,72.23,76,97,1.21
63,Busselton,AU,2022-06-05 15:39:16,-33.65,115.3333,55.81,71,100,8.23
64,Barra Patuca,HN,2022-06-05 15:39:17,15.8,-84.2833,80.73,78,98,5.5
65,Panaba,MX,2022-06-05 15:39:17,21.2833,-88.2667,90.93,47,52,0.87
66,Tupelo,US,2022-06-05 15:39:18,34.2576,-88.7034,80.89,57,0,4.61
67,Saint-Paul,RE,2022-06-05 15:39:18,-21.0096,55.2707,73.51,76,20,3.87
68,Chemin Grenier,MU,2022-06-05 15:39:18,-20.4872,57.4656,71.19,72,30,12.97
69,Rognan,NO,2022-06-05 15:39:19,67.0953,15.3878,44.89,88,100,9.42
70,Tripoli,LY,2022-06-05 15:35:46,32.8752,13.1875,84.65,43,0,8.86
71,Bay Roberts,CA,2022-06-05 15:39:19,47.5999,-53.2648,52.66,72,83,7.0
72,Iqaluit,CA,2022-06-05 15:39:19,63.7506,-68.5145,49.73,50,20,4.61
73,Uyemskiy,RU,2022-06-05 15:39:20,64.4743,40.8524,66.25,52,40,6.71
74,Cidreira,BR,2022-06-05 15:39:20,-30.1811,-50.2056,64.47,78,99,5.66
75,Gaziantep,TR,2022-06-05 15:39:21,37.0594,37.3825,84.13,26,0,9.22
76,Road Town,VG,2022-06-05 15:39:21,18.4167,-64.6167,87.01,74,40,13.8
77,Hornostayivka,UA,2022-06-05 15:39:22,47.0078,33.729,69.1,63,91,16.8
78,Sao Felix Do Xingu,BR,2022-06-05 15:39:22,-6.6447,-51.995,75.9,95,91,0.74
79,Victoria,HK,2022-06-05 15:36:49,22.2855,114.1577,85.32,82,100,10.0
80,Port Blair,IN,2022-06-05 15:39:23,11.6667,92.75,75.24,88,100,5.75
81,Sechura,PE,2022-06-05 15:39:23,-5.5569,-80.8222,74.8,59,80,16.46
82,Rawson,AR,2022-06-05 15:39:24,-43.3002,-65.1023,54.3,44,0,17.52
83,Abu Samrah,SY,2022-06-05 15:39:24,35.3029,37.1841,85.28,20,0,14.58
84,Caconda,AO,2022-06-05 15:39:25,-13.7333,15.0667,67.37,33,29,4.09
85,Teguldet,RU,2022-06-05 15:39:25,57.3064,88.1667,44.6,78,100,6.38
86,Verkhnyaya Toyma,RU,2022-06-05 15:39:25,62.2349,44.9985,63.0,67,42,4.5
87,Ostrovnoy,RU,2022-06-05 15:39:26,68.0531,39.5131,58.62,69,40,10.13
88,Sept-Iles,CA,2022-06-05 15:39:26,50.2001,-66.3821,57.72,60,20,13.8
89,Talara,PE,2022-06-05 15:39:27,-4.5772,-81.2719,74.16,64,0,19.57
90,Nalut,LY,2022-06-05 15:39:27,30.3333,10.85,97.05,13,0,16.51
91,Karwar,IN,2022-06-05 15:39:27,14.8,74.1333,81.66,84,87,7.2
92,Lebu,CL,2022-06-05 15:31:50,-37.6167,-73.65,53.74,94,100,17.22
93,Sao Joao Da Barra,BR,2022-06-05 15:40:28,-21.6403,-41.0511,73.49,54,67,10.63
94,Navahrudak,BY,2022-06-05 15:40:28,53.6,25.8333,64.54,66,57,5.88
95,Quatre Cocos,MU,2022-06-05 15:40:29,-20.2078,57.7625,73.09,70,42,16.71
96,Coihaique,CL,2022-06-05 15:40:30,-45.5752,-72.0662,41.61,75,100,6.91
97,Tema,GH,2022-06-05 15:40:31,5.667,-0.0166,84.11,67,100,10.69
98,Maragogi,BR,2022-06-05 15:40:31,-9.0122,-35.2225,81.05,70,34,12.33
99,Mana,GF,2022-06-05 15:40:31,5.6592,-53.7767,80.6,77,99,5.32
100,Clyde River,CA,2022-06-05 15:40:32,70.4692,-68.5914,30.43,93,100,5.75
101,Muisne,EC,2022-06-05 15:40:32,0.6,-80.0333,77.61,79,93,12.06
102,Lodja,CD,2022-06-05 15:40:33,-3.4833,23.4333,81.77,47,39,2.77
103,Tasiilaq,GL,2022-06-05 15:40:33,65.6145,-37.6368,48.36,54,31,5.01
104,Asyut,EG,2022-06-05 15:40:33,27.181,31.1837,104.18,13,13,12.8
105,Lasa,IT,2022-06-05 15:40:34,46.6166,10.7002,78.69,60,54,6.22
106,Oranjemund,NA,2022-06-05 15:40:34,-28.55,16.4333,75.99,23,2,12.03
107,Havoysund,NO,2022-06-05 15:40:35,70.9963,24.6622,48.43,71,45,1.83
108,Mitsamiouli,KM,2022-06-05 15:40:35,-11.3847,43.2844,79.5,76,65,15.55
109,Vila Velha,BR,2022-06-05 15:40:36,-20.3297,-40.2925,76.95,62,40,16.11
110,Arraial Do Cabo,BR,2022-06-05 15:40:36,-22.9661,-42.0278,73.36,53,75,10.36
111,Chala,TZ,2022-06-05 15:40:36,-7.5833,31.2667,57.69,57,25,2.42
112,Castro,BR,2022-06-05 15:40:37,-24.7911,-50.0119,60.58,81,94,4.72
113,Klaksvik,FO,2022-06-05 15:40:37,62.2266,-6.589,50.92,90,96,12.86
114,Middelburg,ZA,2022-06-05 15:40:37,-25.7751,29.4648,54.07,48,1,10.8
115,Chapais,CA,2022-06-05 15:40:38,49.7834,-74.8492,51.58,97,100,3.33
116,Cayenne,GF,2022-06-05 15:40:38,4.9333,-52.3333,86.09,1,75,3.44
117,Mastic Beach,US,2022-06-05 15:40:39,40.7668,-72.8521,73.11,38,0,11.5
118,Bilma,NE,2022-06-05 15:40:39,18.6853,12.9164,105.37,7,7,1.48
119,Puerto Leguizamo,CO,2022-06-05 15:40:40,-0.1934,-74.7819,77.74,90,89,2.68
120,Georgetown,MY,2022-06-05 15:38:12,5.4112,100.3354,82.35,83,40,3.44
121,Port Alfred,ZA,2022-06-05 15:40:40,-33.5906,26.891,62.19,78,13,11.74
122,Dingle,PH,2022-06-05 15:40:41,10.9995,122.6711,76.15,92,100,2.3
123,Chuka,KE,2022-06-05 15:40:41,-0.3332,37.6459,67.01,63,74,3.24
124,Porto Novo,BJ,2022-06-05 15:40:42,6.4965,2.6036,82.22,62,95,8.08
125,Porto Walter,BR,2022-06-05 15:40:42,-8.2686,-72.7439,85.6,57,91,1.01
126,Grand Gaube,MU,2022-06-05 15:40:43,-20.0064,57.6608,73.38,70,15,5.01
127,Salvador,SV,2022-06-05 15:40:43,13.8333,-88.9167,73.06,81,91,2.44
128,Augusto Correa,BR,2022-06-05 15:40:43,-1.0217,-46.635,80.22,91,96,4.43
129,Harnosand,SE,2022-06-05 15:40:44,62.6323,17.9379,62.6,41,35,12.41
130,Bandrele,YT,2022-06-05 15:40:44,-12.9067,45.1914,78.55,69,0,12.66
131,Elliot,ZA,2022-06-05 15:40:44,-31.3333,27.85,44.89,85,36,4.07
132,Saint-Francois,FR,2022-06-05 15:40:45,46.4154,3.9054,74.68,56,75,16.11
133,Chuy,UY,2022-06-05 15:40:45,-33.6971,-53.4616,64.74,74,92,2.95
134,Xique-Xique,BR,2022-06-05 15:40:46,-10.8218,-42.7263,80.92,53,87,14.83
135,East London,ZA,2022-06-05 15:41:46,-33.0153,27.9116,63.54,82,20,4.61
136,Puerto Ayacucho,VE,2022-06-05 15:41:47,5.6639,-67.6236,76.91,83,100,0.92
137,Turtas,RU,2022-06-05 15:41:47,58.9417,69.1325,44.78,58,12,3.69
138,Namibe,AO,2022-06-05 15:41:47,-15.1961,12.1522,81.52,40,45,8.63
139,Cap Malheureux,MU,2022-06-05 15:41:48,-19.9842,57.6142,73.47,70,11,5.01
140,Khash,IR,2022-06-05 15:41:48,28.2211,61.2158,78.64,9,0,13.0
141,Fuglebjerg,DK,2022-06-05 15:41:49,55.306,11.5477,66.07,66,68,10.74
142,Saru Dornei,RO,2022-06-05 15:41:49,47.2833,25.35,53.92,91,55,3.65
143,Kabare,CD,2022-06-05 15:41:49,-2.4683,28.8242,63.19,83,99,2.57
144,Saldanha,ZA,2022-06-05 15:41:50,-33.0117,17.9442,75.25,63,6,6.67
145,Angoche,MZ,2022-06-05 15:41:50,-16.2325,39.9086,73.58,77,3,13.24
146,Trincomalee,LK,2022-06-05 15:41:51,8.5711,81.2335,82.49,71,79,17.63
147,Itarema,BR,2022-06-05 15:41:51,-2.9248,-39.9167,81.3,79,29,10.07
148,Sol-Iletsk,RU,2022-06-05 15:41:51,51.1631,54.9918,66.87,72,46,0.13
149,Margate,GB,2022-06-05 15:41:52,51.3813,1.3862,61.3,87,100,1.99
150,Jodhpur,IN,2022-06-05 15:41:52,26.2867,73.03,95.61,16,4,19.6
151,Vestmannaeyjar,IS,2022-06-05 15:41:53,63.4427,-20.2734,49.19,100,100,19.57
152,Faya,SA,2022-06-05 15:41:53,18.3851,42.4509,82.51,21,19,2.26
153,Santa Maria,BR,2022-06-05 15:41:54,-29.6842,-53.8069,61.9,100,100,4.61
154,Zhezkazgan,KZ,2022-06-05 15:41:54,47.8043,67.7144,69.71,26,80,8.75
155,Mayumba,GA,2022-06-05 15:41:55,-3.432,10.6554,76.5,79,69,5.14
156,Jardim,BR,2022-06-05 15:41:55,-21.4803,-56.1381,89.46,34,30,9.6
157,Roald,NO,2022-06-05 15:41:56,62.5833,6.1333,57.16,66,20,9.22
158,Itaituba,BR,2022-06-05 15:40:28,-4.2761,-55.9836,80.76,89,75,0.0
159,Coutances,FR,2022-06-05 15:41:56,49.05,-1.4333,61.74,79,41,7.36
160,Carora,VE,2022-06-05 15:41:57,10.1755,-70.0827,86.16,47,96,9.01
161,Tocopilla,CL,2022-06-05 15:41:58,-22.092,-70.1979,67.69,70,89,5.14
162,Kruisfontein,ZA,2022-06-05 15:41:58,-34.0033,24.7314,59.88,73,3,12.84
163,Saint Andrews,US,2022-06-05 15:41:58,34.0454,-81.1293,84.33,42,40,12.66
164,Tornio,FI,2022-06-05 15:41:59,65.8481,24.1466,57.22,52,53,11.27
165,Jalu,LY,2022-06-05 15:41:59,29.0331,21.5482,95.79,15,0,16.98
166,Bengkulu,ID,2022-06-05 15:41:59,-3.8004,102.2655,77.27,85,100,4.88
167,Kharp,RU,2022-06-05 15:42:00,66.8014,65.8081,48.13,34,32,5.82
168,Tera,NE,2022-06-05 15:42:00,14.0078,0.7531,106.56,9,32,2.33
169,Los Llanos De Aridane,ES,2022-06-05 15:41:36,28.6585,-17.9182,70.12,70,75,16.11
170,Codrington,AU,2022-06-05 15:42:01,-38.2667,141.9667,50.9,73,100,25.64
171,Tromso,NO,2022-06-05 15:42:01,69.6496,18.957,44.62,70,75,24.16
172,Pishin,PK,2022-06-05 15:42:02,30.5803,66.9961,78.89,9,0,5.28
173,Puerto Narino,CO,2022-06-05 15:42:02,-3.7703,-70.3831,80.78,82,90,2.55
174,Kozluk,TR,2022-06-05 15:42:03,38.1938,41.4885,91.65,28,0,4.36
175,Camapua,BR,2022-06-05 15:42:03,-19.5314,-54.0439,90.09,30,38,7.74
176,Olafsvik,IS,2022-06-05 15:42:03,64.8945,-23.7142,45.9,78,100,14.18
177,Poltavka,RU,2022-06-05 15:42:04,54.3663,71.7632,51.3,60,49,7.61
178,Henties Bay,NA,2022-06-05 15:43:04,-22.116,14.2845,69.96,48,82,8.66
179,Nawalgarh,IN,2022-06-05 15:43:05,27.85,75.2667,90.59,10,0,10.45
180,Comodoro Rivadavia,AR,2022-06-05 15:40:05,-45.8667,-67.5,48.06,43,0,12.66
181,Wamba,NG,2022-06-05 15:43:05,8.9333,8.6,76.01,70,95,5.12
182,Yantarnyy,RU,2022-06-05 15:43:06,54.8717,19.9381,64.26,70,8,9.93
183,Carnarvon,AU,2022-06-05 15:43:06,-24.8667,113.6333,68.67,43,11,8.55
184,Ardakan,IR,2022-06-05 15:43:07,32.31,54.0175,90.28,10,0,8.12
185,Bubaque,GW,2022-06-05 15:43:07,11.2833,-15.8333,80.35,79,98,10.38
186,Lethem,GY,2022-06-05 15:43:07,3.3803,-59.7968,78.85,83,40,13.8
187,Araouane,ML,2022-06-05 15:43:08,18.9048,-3.5265,109.33,8,4,4.68
188,Ponta Delgada,PT,2022-06-05 15:43:08,37.7333,-25.6667,68.72,88,20,12.66
189,Chichimila,MX,2022-06-05 15:43:09,20.6167,-88.2167,84.25,48,74,1.63
190,Kuusamo,FI,2022-06-05 15:43:09,65.9667,29.1833,57.24,44,75,9.22
191,Nantucket,US,2022-06-05 15:39:55,41.2835,-70.0995,69.94,51,0,13.8
192,Khor,RU,2022-06-05 15:43:10,47.8861,134.9464,50.11,80,43,5.7
193,Barreirinhas,BR,2022-06-05 15:43:10,-2.7469,-42.8264,83.5,74,36,6.53
194,Dikson,RU,2022-06-05 15:43:11,73.5069,80.5464,27.12,87,34,4.47
195,Qeshm,IR,2022-06-05 15:43:11,26.9581,56.2719,98.47,48,0,11.16
196,Farsund,NO,2022-06-05 15:43:11,58.0948,6.8047,59.95,100,93,9.46
197,Guane,CU,2022-06-05 15:43:12,22.2025,-84.0875,88.95,53,47,5.73
198,Samokov,BG,2022-06-05 15:43:12,42.3333,23.55,77.5,69,71,4.05
199,Pangnirtung,CA,2022-06-05 15:43:13,66.1451,-65.7125,39.27,92,16,0.85
200,Sestri Levante,IT,2022-06-05 15:43:13,44.2732,9.3968,79.05,78,47,5.01
201,Korla,CN,2022-06-05 15:43:14,41.7597,86.1469,79.41,12,0,9.66
202,Igarka,RU,2022-06-05 15:43:14,67.4667,86.5833,37.0,57,88,12.21
203,Kashi,CN,2022-06-05 15:43:15,39.4547,75.9797,78.01,16,20,4.47
204,Savannah Bight,HN,2022-06-05 15:43:15,16.45,-85.85,79.38,77,98,6.62
205,Porto Santo,PT,2022-06-05 15:43:15,33.072,-16.3415,70.18,64,40,13.8
206,Algete,ES,2022-06-05 15:43:16,40.5971,-3.4974,84.83,25,0,10.36
207,Asfi,MA,2022-06-05 15:43:16,32.2994,-9.2372,72.63,65,0,24.58
208,Ostersund,SE,2022-06-05 15:43:17,63.1792,14.6357,52.61,50,40,14.97
209,Passo De Camaragibe,BR,2022-06-05 15:43:17,-9.2368,-35.4901,83.75,69,47,8.68
210,Porec,HR,2022-06-05 15:43:18,45.2258,13.5939,87.78,58,61,12.48
211,Milos,GR,2022-06-05 15:43:18,36.75,24.4333,73.45,74,0,10.27
212,Pisco,PE,2022-06-05 15:43:19,-13.7,-76.2167,67.01,77,0,16.11
213,Abha,SA,2022-06-05 15:40:00,18.2164,42.5053,82.22,7,20,12.66
214,Friesoythe,DE,2022-06-05 15:43:19,53.0167,7.85,69.94,93,100,12.3
215,Krasnoselkup,RU,2022-06-05 15:43:20,65.7,82.4667,40.39,49,80,12.21
216,Clonakilty,IE,2022-06-05 15:43:20,51.6231,-8.8706,55.09,90,100,12.39
217,Nanortalik,GL,2022-06-05 15:43:21,60.1432,-45.2371,43.66,69,100,4.7
218,Marawi,PH,2022-06-05 15:43:21,7.9986,124.2928,69.17,94,100,3.22
219,Ilulissat,GL,2022-06-05 15:43:21,69.2167,-51.1,39.22,52,20,19.57
220,Saint-Pierre,RE,2022-06-05 15:43:22,-21.3393,55.4781,73.08,73,20,5.75
221,Kalmunai,LK,2022-06-05 15:43:22,7.4167,81.8167,79.66,79,99,12.03
222,Jibuti,DJ,2022-06-05 15:43:23,11.5,42.5,87.94,42,22,8.19
223,Souillac,MU,2022-06-05 15:43:23,-20.5167,57.5167,71.98,88,75,14.97
224,Boundiali,CI,2022-06-05 15:43:24,9.5217,-6.4869,97.25,28,22,2.91
225,Francisco Beltrao,BR,2022-06-05 15:43:24,-26.0811,-53.055,66.99,77,94,6.58
226,Marovoay,MG,2022-06-05 15:44:25,-16.1,46.6333,74.89,63,92,5.75
227,Antalaha,MG,2022-06-05 15:44:25,-14.9003,50.2788,72.09,73,4,9.33
228,Beroroha,MG,2022-06-05 15:44:25,-21.6667,45.1667,74.28,47,11,2.24
229,Rio Gallegos,AR,2022-06-05 15:42:08,-51.6226,-69.2181,41.05,56,75,9.22
230,Plettenberg Bay,ZA,2022-06-05 15:44:26,-34.0527,23.3716,61.57,82,9,9.19
231,Dale,US,2022-06-05 15:44:26,38.1689,-86.99,80.91,44,0,4.61
232,Kozlovo,RU,2022-06-05 15:44:27,56.5167,36.2667,59.11,80,63,6.13
233,Itaquyry,PY,2022-06-05 15:44:27,-24.9333,-55.2167,68.49,76,99,5.59
234,Askarovo,RU,2022-06-05 15:44:28,53.3372,58.5089,49.15,93,100,8.95
235,Dossor,KZ,2022-06-05 15:44:28,47.5272,52.9811,89.64,12,65,4.88
236,Pitimbu,BR,2022-06-05 15:44:28,-7.4706,-34.8086,79.39,67,22,15.35
237,Abrau-Dyurso,RU,2022-06-05 15:44:29,44.69,37.59,78.26,78,10,2.01
238,Salinopolis,BR,2022-06-05 15:44:29,-0.6136,-47.3561,81.0,83,78,7.31
239,Linhares,BR,2022-06-05 15:44:30,-19.3911,-40.0722,72.82,54,93,8.59
240,Strezhevoy,RU,2022-06-05 15:44:29,60.7333,77.5889,41.77,75,93,7.02
241,Bloomsburg,US,2022-06-05 15:44:30,41.0037,-76.4549,73.11,46,100,1.01
242,Gat,IL,2022-06-05 15:44:31,31.61,34.7642,87.4,45,0,13.15
243,Sorland,NO,2022-06-05 15:44:31,67.667,12.6934,44.46,69,100,27.96
244,Kambove,CD,2022-06-05 15:44:32,-10.8764,26.5969,61.03,54,2,4.25
245,Oussouye,SN,2022-06-05 15:44:32,12.485,-16.5469,96.98,53,28,12.24
246,Sao Filipe,CV,2022-06-05 15:44:32,14.8961,-24.4956,76.91,67,2,9.53
247,Harper,LR,2022-06-05 15:44:33,4.375,-7.7169,81.43,77,99,8.77
248,Karachi,PK,2022-06-05 15:44:33,24.9056,67.0822,84.02,74,40,17.27
249,Nisia Floresta,BR,2022-06-05 15:44:33,-6.0911,-35.2086,80.98,74,78,13.06
250,Benguela,AO,2022-06-05 15:44:34,-12.5763,13.4055,79.57,56,43,1.45
251,Nuuk,GL,2022-06-05 15:41:27,64.1835,-51.7216,52.41,40,0,11.5
252,Longyearbyen,SJ,2022-06-05 15:40:13,78.2186,15.6401,46.24,81,75,6.91
253,Paraguacu,BR,2022-06-05 15:44:35,-21.5472,-45.7375,72.28,51,78,4.0
254,Richards Bay,ZA,2022-06-05 15:43:04,-28.783,32.0377,67.68,78,90,8.55
255,Cockburn Town,TC,2022-06-05 15:44:35,21.4612,-71.1419,84.16,70,40,13.8
256,Atar,MR,2022-06-05 15:44:35,20.5169,-13.0499,107.65,10,100,17.27
257,Luau,AO,2022-06-05 15:44:36,-10.7073,22.2247,70.34,37,3,4.76
258,Laukaa,RU,2022-06-05 15:44:36,58.7372,29.8453,64.15,46,89,6.8
259,Illapel,CL,2022-06-05 15:44:37,-31.6308,-71.1653,59.61,54,100,2.48
260,Ortona,IT,2022-06-05 15:40:57,42.3496,14.4039,95.38,44,98,7.61
261,Saint Anthony,US,2022-06-05 15:44:37,45.0205,-93.218,67.05,76,100,8.05
262,Baturite,BR,2022-06-05 15:44:38,-4.3286,-38.8847,77.7,85,92,5.37
263,Beyneu,KZ,2022-06-05 15:44:38,45.3167,55.2,90.01,10,55,5.91
264,Wum,CM,2022-06-05 15:44:39,6.3833,10.0667,66.63,96,97,2.15
265,Hinesburg,US,2022-06-05 15:44:39,44.3292,-73.1107,68.99,49,40,11.5
266,Mehamn,NO,2022-06-05 15:44:39,71.0357,27.8492,48.15,66,75,5.75
267,Mubende,UG,2022-06-05 15:44:40,0.5606,31.39,68.34,64,96,3.78
268,Kudahuvadhoo,MV,2022-06-05 15:44:40,2.6708,72.8944,83.44,74,77,12.15
269,Coquimbo,CL,2022-06-05 15:44:40,-29.9533,-71.3436,56.93,71,75,3.44
270,Shache,CN,2022-06-05 15:44:41,38.4167,77.2406,81.46,16,100,5.26
271,Koungheul,SN,2022-06-05 15:44:41,13.9833,-14.8,103.78,23,30,5.39
272,Brae,GB,2022-06-05 15:44:42,60.3964,-1.353,53.31,76,98,1.48
273,Takoradi,GH,2022-06-05 15:44:42,4.8845,-1.7554,82.24,75,100,11.54
274,Novyy Urengoy,RU,2022-06-05 15:45:42,66.0833,76.6333,43.12,38,29,11.7
275,Hambantota,LK,2022-06-05 15:45:43,6.1241,81.1185,80.94,94,20,9.22
276,Bielawa,PL,2022-06-05 15:45:43,50.6908,16.623,76.75,54,46,11.14
277,Mitzic,GA,2022-06-05 15:45:44,0.7821,11.549,75.38,91,99,0.74
278,Ugoofaaru,MV,2022-06-05 15:45:44,5.6667,73.0,82.98,77,54,15.14
279,Mauldin,US,2022-06-05 15:45:45,34.7787,-82.3101,79.95,55,0,9.22
280,Matara,LK,2022-06-05 15:45:45,5.9485,80.5353,77.38,91,99,9.44
281,Merano,IT,2022-06-05 15:45:46,46.6682,11.1595,88.95,69,69,7.38
282,Sao Sebastiao,BR,2022-06-05 15:40:46,-23.76,-45.4097,71.71,69,63,9.55
283,Nyirlugos,HU,2022-06-05 15:45:46,47.6932,22.0448,78.19,45,0,11.39
284,Potsdam,DE,2022-06-05 15:45:46,52.3989,13.0657,83.01,38,79,5.99
285,Taoudenni,ML,2022-06-05 15:45:47,22.6783,-3.9836,114.51,6,70,13.65
286,Mosquera,CO,2022-06-05 15:45:47,4.7059,-74.2302,60.89,72,40,5.75
287,Luderitz,NA,2022-06-05 15:45:48,-26.6481,15.1594,68.77,38,62,8.12
288,Rocha,UY,2022-06-05 15:45:48,-34.4833,-54.3333,62.85,75,100,3.62
289,Bonthe,SL,2022-06-05 15:45:49,7.5264,-12.505,82.9,73,100,10.11
290,Murgab,TM,2022-06-05 15:45:49,37.4966,61.9714,91.27,15,0,4.61
291,Terra Santa,BR,2022-06-05 15:45:50,-2.1042,-56.4869,82.15,83,66,2.28
292,Chernushka,RU,2022-06-05 15:45:50,56.5072,56.0766,58.28,88,100,5.14
293,Luba,GQ,2022-06-05 15:45:50,3.4568,8.5547,77.18,84,100,5.21
294,Havre-Saint-Pierre,CA,2022-06-05 15:45:51,50.2334,-63.5986,52.16,58,0,11.5
295,Baherden,TM,2022-06-05 15:45:51,38.4362,57.4316,89.15,9,0,7.63
296,Venado Tuerto,AR,2022-06-05 15:45:52,-33.7456,-61.9688,58.77,45,99,5.35
297,Saint-Augustin,CA,2022-06-05 15:45:52,51.226,-58.6502,45.23,80,100,5.95
298,Skelleftea,SE,2022-06-05 15:45:52,64.7507,20.9528,57.0,41,0,17.27
299,Boa Vista,BR,2022-06-05 15:45:53,2.8197,-60.6733,80.58,83,40,6.91
300,Buraydah,SA,2022-06-05 15:45:53,26.326,43.975,108.05,5,2,7.61
301,Barcelos,PT,2022-06-05 15:45:54,41.5388,-8.6151,74.91,55,64,9.08
302,Goderich,CA,2022-06-05 15:45:54,43.7501,-81.7165,66.9,52,95,9.22
303,Oskarshamn,SE,2022-06-05 15:45:55,57.2645,16.4484,75.97,38,13,8.5
304,Touros,BR,2022-06-05 15:42:35,-5.1989,-35.4608,77.9,83,86,13.33
305,Salta,AR,2022-06-05 15:45:55,-24.7859,-65.4117,50.59,76,75,3.44
306,Awjilah,LY,2022-06-05 15:45:56,29.1081,21.2869,94.53,18,0,21.14
307,Mascote,BR,2022-06-05 15:45:56,-15.5631,-39.3025,76.51,54,75,6.71
308,Leh,IN,2022-06-05 15:42:17,34.1667,77.5833,54.75,27,12,7.61
309,Den Helder,NL,2022-06-05 15:45:56,52.9599,4.7593,67.98,93,100,14.0
310,Ferrol,ES,2022-06-05 15:45:57,43.4832,-8.2369,70.72,67,95,5.01
311,Oktyabrskoye,RU,2022-06-05 15:45:57,43.0645,44.7417,71.74,78,98,8.95
312,Donduseni,MD,2022-06-05 15:45:57,48.2427,27.6101,66.25,67,88,11.18
313,Doha,QA,2022-06-05 15:45:58,25.2867,51.5333,102.51,34,0,3.44
314,Camana,PE,2022-06-05 15:45:58,-16.6228,-72.7111,65.28,84,87,7.14
315,Puerto Ayora,EC,2022-06-05 15:45:59,-0.7393,-90.3518,75.16,96,91,11.99
316,Youkounkoun,GN,2022-06-05 15:45:59,12.5333,-13.1333,101.59,27,21,2.48
317,Lerwick,GB,2022-06-05 15:46:00,60.1545,-1.1494,53.6,79,93,2.06
318,Mecca,SA,2022-06-05 15:46:00,21.4267,39.8261,97.56,18,0,7.99
319,Hofn,IS,2022-06-05 15:46:00,64.2539,-15.2082,55.42,71,20,11.5
320,Axim,GH,2022-06-05 15:46:01,4.8699,-2.2405,82.47,72,100,9.04
321,Mizdah,LY,2022-06-05 15:47:01,31.4451,12.9801,96.03,15,1,15.68
322,Cozumel,MX,2022-06-05 15:43:24,20.5083,-86.9458,85.95,80,75,6.91
323,Saint George,US,2022-06-05 15:47:02,37.1041,-113.5841,83.79,22,93,3.0
324,Hamilton,US,2022-06-05 15:45:21,39.1834,-84.5333,80.91,49,75,8.05
325,Chandler,US,2022-06-05 15:45:21,33.3062,-111.8412,89.85,25,0,10.36
326,Dunmore Town,BS,2022-06-05 15:47:02,25.5,-76.65,80.24,84,10,20.67
327,Sistranda,NO,2022-06-05 15:47:03,63.7256,8.834,48.16,61,10,10.45
328,Kavaratti,IN,2022-06-05 15:47:03,10.5669,72.642,83.5,75,84,16.91
329,Lakselv,NO,2022-06-05 15:47:04,70.0513,24.9718,51.62,62,20,9.22
330,San Cristobal,VE,2022-06-05 15:47:04,7.7669,-72.225,71.78,69,80,5.59
331,El Vendrell,ES,2022-06-05 15:47:05,41.2167,1.5333,86.16,53,0,7.38
332,Akdepe,TM,2022-06-05 15:47:05,42.0551,59.3788,91.49,12,30,8.3
333,Fully,CH,2022-06-05 15:47:06,46.1385,7.1147,85.12,62,75,2.3
334,Sur,OM,2022-06-05 15:47:06,22.5667,59.5289,87.69,65,1,6.62
335,Birao,CF,2022-06-05 15:47:07,10.2849,22.7882,95.65,27,53,1.83
336,Hopkinsville,US,2022-06-05 15:45:50,36.8656,-87.4886,82.02,57,1,6.17
337,Agdas,AZ,2022-06-05 15:47:07,40.65,47.4761,94.66,23,1,7.83
338,Blagoyevo,RU,2022-06-05 15:47:07,63.3667,47.9167,60.28,57,85,4.21
339,Sheregesh,RU,2022-06-05 15:47:08,52.9209,87.9869,46.02,99,100,2.04
340,Rustenburg,ZA,2022-06-05 15:47:09,-25.6676,27.2421,60.49,25,0,7.0
341,Andenes,NO,2022-06-05 15:47:09,69.3143,16.1194,40.98,87,75,20.71
342,Ndola,ZM,2022-06-05 15:47:09,-12.9587,28.6366,61.74,47,75,7.76
343,Carutapera,BR,2022-06-05 15:47:10,-1.195,-46.02,81.1,86,99,5.86
344,Talnakh,RU,2022-06-05 15:47:10,69.4865,88.3972,33.21,78,5,11.81
345,Zasheyek,RU,2022-06-05 15:47:11,67.4066,32.5499,49.46,87,99,5.68
346,Sundumbili,ZA,2022-06-05 15:47:11,-29.1337,31.3975,64.92,88,56,6.55
347,Viedma,AR,2022-06-05 15:47:12,-40.8135,-62.9967,58.68,46,75,14.2
348,Kushmurun,KZ,2022-06-05 15:47:12,52.4503,64.6311,51.98,75,100,4.52
349,Plover,US,2022-06-05 15:47:13,44.4564,-89.544,60.22,92,100,1.01
350,Onega,RU,2022-06-05 15:47:13,63.9061,38.1404,56.89,66,25,2.95
351,Banki,IN,2022-06-05 15:47:14,20.3833,85.5333,84.31,67,100,10.8
352,Galle,LK,2022-06-05 15:47:14,6.0367,80.217,78.46,88,100,11.05
353,Kargopol,RU,2022-06-05 15:47:14,61.5071,38.9456,59.29,77,59,3.42
354,Salinas,US,2022-06-05 15:47:15,36.6777,-121.6555,68.76,71,75,6.91
355,Morris,US,2022-06-05 15:47:15,40.8334,-74.5329,72.55,38,56,4.0
356,Utica,US,2022-06-05 15:47:16,43.1009,-75.2327,70.05,44,9,1.99
357,Pottsville,US,2022-06-05 15:47:16,40.6857,-76.1955,72.75,44,96,1.99
358,Odesskoye,RU,2022-06-05 15:47:17,54.2111,72.9651,50.36,60,26,8.16
359,Talcahuano,CL,2022-06-05 15:47:17,-36.7167,-73.1167,55.08,88,100,8.05
360,Madison Heights,US,2022-06-05 15:47:17,42.4859,-83.1052,70.5,54,75,5.75
361,Robertsport,LR,2022-06-05 15:47:18,6.7533,-11.3686,82.22,74,57,9.93
362,Mardin,TR,2022-06-05 15:47:18,37.3131,40.7436,90.66,12,0,9.22
363,Ormara,PK,2022-06-05 15:47:19,25.2088,64.6357,82.29,85,0,13.73
364,Paragominas,BR,2022-06-05 15:47:19,-2.9667,-47.4833,81.57,87,94,3.47
365,Portel,BR,2022-06-05 15:47:20,-1.9356,-50.8211,82.92,73,85,3.33
366,Paamiut,GL,2022-06-05 15:48:21,61.994,-49.6678,41.85,68,5,5.01
367,Mwinilunga,ZM,2022-06-05 15:48:21,-11.7358,24.4293,63.18,42,26,5.77
368,Najran,SA,2022-06-05 15:48:21,17.4924,44.1277,93.85,11,0,9.1
369,Sorada,IN,2022-06-05 15:48:22,19.75,84.4333,82.89,64,89,0.89
370,Owensboro,US,2022-06-05 15:44:23,37.7742,-87.1133,81.18,41,0,5.75
371,Calama,CL,2022-06-05 15:48:22,-22.4667,-68.9333,59.49,26,75,6.91
372,Tabory,RU,2022-06-05 15:48:23,58.5198,64.5495,51.64,59,47,4.63
373,Fonte Boa,BR,2022-06-05 15:48:23,-2.4959,-66.2662,82.51,73,93,1.5
374,Zharkent,KZ,2022-06-05 15:48:24,44.1628,80.0,69.94,38,1,3.62
375,Fecamp,FR,2022-06-05 15:48:24,49.7579,0.3746,66.43,89,99,10.83
376,Ejea De Los Caballeros,ES,2022-06-05 15:48:25,42.1263,-1.1372,84.42,25,2,6.71
377,Inta,RU,2022-06-05 15:48:25,66.0317,60.1659,55.8,40,3,14.97
378,Cururupu,BR,2022-06-05 15:48:26,-1.8283,-44.8683,82.98,78,86,5.46
379,Nigde,TR,2022-06-05 15:48:26,37.8333,34.75,62.49,67,91,9.57
380,Kalinovskaya,RU,2022-06-05 15:48:26,43.5758,45.5192,87.08,57,60,8.86
381,Nouadhibou,MR,2022-06-05 15:48:27,20.931,-17.0347,84.18,45,99,11.5
382,Luanda,AO,2022-06-05 15:48:27,-8.8368,13.2343,77.0,78,20,10.36
383,Liverpool,GB,2022-06-05 15:45:15,53.4106,-2.9779,56.28,88,75,5.75
384,Bokoro,TD,2022-06-05 15:48:28,12.3807,17.0568,99.28,24,52,6.85
385,Miandrivazo,MG,2022-06-05 15:48:28,-19.5167,45.4667,78.04,42,67,4.88
386,Lovozero,RU,2022-06-05 15:48:29,68.005,35.0117,59.76,62,32,7.49
387,Sayyan,YE,2022-06-05 15:48:29,15.1718,44.3244,70.41,27,77,7.34
388,Oranjestad,AW,2022-06-05 15:48:30,12.524,-70.027,85.95,66,20,20.71
389,Raga,SS,2022-06-05 15:48:30,8.4596,25.678,79.57,60,87,2.35
390,Puerto Cabello,VE,2022-06-05 15:48:30,10.4731,-68.0125,83.59,68,24,4.0
391,Urucui,BR,2022-06-05 15:46:55,-7.2294,-44.5561,81.0,47,67,9.1
392,Manacapuru,BR,2022-06-05 15:48:31,-3.2997,-60.6206,80.67,81,96,2.59
393,Baracoa,CU,2022-06-05 15:48:31,20.3467,-74.4958,89.76,56,99,5.93
394,Beloha,MG,2022-06-05 15:48:32,-25.1667,45.05,68.38,77,99,4.99
395,Llangefni,GB,2022-06-05 15:44:07,53.2556,-4.3106,55.18,87,75,16.11
396,Aasiaat,GL,2022-06-05 15:48:32,68.7098,-52.8699,35.24,60,36,14.07
397,Eyl,SO,2022-06-05 15:48:33,7.9803,49.8164,80.35,76,61,16.46
398,Palmas Bellas,PA,2022-06-05 15:48:33,9.2319,-80.0867,87.76,78,88,3.78
399,Le Port,RE,2022-06-05 15:48:34,-20.9373,55.2919,73.4,64,16,8.66
400,Bouca,CF,2022-06-05 15:48:34,6.5105,18.2733,85.14,61,74,1.66
401,Adrar,MR,2022-06-05 15:48:35,20.5022,-10.0711,103.57,9,81,16.28
402,Moratuwa,LK,2022-06-05 15:48:35,6.773,79.8816,82.42,89,69,10.22
403,Salalah,OM,2022-06-05 15:48:35,17.0151,54.0924,86.09,74,75,9.22
404,Boda,CF,2022-06-05 15:48:36,4.3189,17.4695,71.42,95,100,7.85
405,Uyuni,BO,2022-06-05 15:48:36,-20.4597,-66.825,47.71,49,95,14.41
406,Snasa,NO,2022-06-05 15:48:37,64.2457,12.3778,46.42,66,97,12.33
407,Ipixuna,BR,2022-06-05 15:48:37,-1.7625,-48.8043,82.85,89,62,2.21
408,Tombouctou,ML,2022-06-05 15:48:38,20.0,-3.0,111.22,7,6,10.74
409,Westport,US,2022-06-05 15:45:26,41.1415,-73.3579,74.55,45,44,1.01
410,Tortoli,IT,2022-06-05 15:48:38,39.9256,9.6572,80.42,54,0,10.36
411,Peniche,PT,2022-06-05 15:48:39,39.3558,-9.3811,74.28,64,16,13.4
412,Surab,PK,2022-06-05 15:49:39,28.4914,66.2585,73.65,11,0,5.32
413,Gurupa,BR,2022-06-05 15:49:39,-1.405,-51.64,85.46,64,84,3.8
414,Penzance,GB,2022-06-05 15:49:40,50.1186,-5.5371,61.48,76,7,11.5
415,Zyryanovsk,KZ,2022-06-05 15:49:40,49.7386,84.2719,44.65,93,61,9.44
416,Scunthorpe,GB,2022-06-05 15:49:40,53.579,-0.6544,54.68,91,100,8.99
417,Camacha,PT,2022-06-05 15:49:41,33.0833,-16.3333,67.42,64,40,13.8
418,Capitan Bado,PY,2022-06-05 15:49:41,-23.2667,-55.5333,75.78,57,43,14.63
419,Vallenar,CL,2022-06-05 15:49:42,-28.5708,-70.7581,66.16,29,100,5.35
420,Igra,RU,2022-06-05 15:49:42,57.5558,53.0547,57.49,86,100,3.53
421,Santo Antonio Do Ica,BR,2022-06-05 15:49:43,-3.1022,-67.9397,82.74,68,100,1.57
422,Damietta,EG,2022-06-05 15:49:43,31.4165,31.8133,78.69,67,0,10.94
423,Thompson,CA,2022-06-05 15:45:26,55.7435,-97.8558,50.16,71,75,9.22
424,Harwich,GB,2022-06-05 15:45:07,51.9419,1.2844,59.22,88,100,3.0
425,Bat Khela,PK,2022-06-05 15:49:44,34.6167,71.9714,88.12,13,8,6.13
426,Carndonagh,IE,2022-06-05 15:49:44,55.25,-7.2667,64.02,60,11,10.69
427,Ancud,CL,2022-06-05 15:49:44,-41.8697,-73.8203,46.65,74,100,10.33
428,Cascais,PT,2022-06-05 15:45:21,38.6979,-9.4215,78.66,47,20,17.27
429,Tucuman,AR,2022-06-05 15:49:45,-26.8241,-65.2226,59.0,55,75,4.61
430,Bad Hall,AT,2022-06-05 15:49:45,48.0383,14.2077,80.11,87,92,7.54
431,Biltine,TD,2022-06-05 15:49:46,14.5333,20.9167,100.31,17,81,11.21
432,Copiapo,CL,2022-06-05 15:48:11,-27.3667,-70.3333,60.49,28,96,2.15
433,Derzhavinsk,KZ,2022-06-05 15:49:46,51.1,66.3167,57.07,52,100,7.2
434,Santiago Del Estero,AR,2022-06-05 15:49:47,-27.7951,-64.2615,64.99,54,97,6.76
435,Huarmey,PE,2022-06-05 15:49:47,-10.0681,-78.1522,70.29,74,100,12.35
436,Olot,ES,2022-06-05 15:49:48,42.181,2.4901,86.76,36,6,1.99
437,Caravelas,BR,2022-06-05 15:49:48,-17.7125,-39.2481,75.0,57,99,12.26
438,Hartford,US,2022-06-05 15:45:21,41.7668,-72.7662,74.08,38,0,4.0
439,Mahajanga,MG,2022-06-05 15:49:49,-15.7167,46.3167,75.22,69,75,11.5
440,Norrtalje,SE,2022-06-05 15:49:49,59.758,18.705,65.43,52,3,8.79
441,Ladario,BR,2022-06-05 15:49:49,-19.0047,-57.6017,86.29,54,0,6.91
442,Inhambane,MZ,2022-06-05 15:49:50,-23.865,35.3833,73.38,64,20,9.22
443,Masty,BY,2022-06-05 15:49:50,53.4122,24.5387,67.24,66,44,4.83
444,Riyadh,SA,2022-06-05 15:49:51,24.6877,46.7219,107.74,6,0,7.78
445,Bekhtery,UA,2022-06-05 15:49:51,46.251,32.2927,70.0,65,63,15.57
446,Karasjok,NO,2022-06-05 15:49:52,69.4719,25.5112,50.52,61,96,5.75
447,Dori,BF,2022-06-05 15:49:52,14.0354,-0.0345,105.87,9,38,3.91
448,Soyo,AO,2022-06-05 15:49:52,-6.1349,12.3689,77.16,74,60,8.12
449,Parintins,BR,2022-06-05 15:49:53,-2.6283,-56.7358,81.36,85,76,2.19
450,Corning,US,2022-06-05 15:49:53,42.1428,-77.0547,71.64,42,0,4.61
451,Novoukrainskiy,RU,2022-06-05 15:49:54,44.8969,38.0522,75.0,70,31,6.22
452,Cabra,ES,2022-06-05 15:49:54,37.4725,-4.4421,87.26,17,12,6.78
453,Niquero,CU,2022-06-05 15:49:55,20.0431,-77.5828,85.62,68,68,14.81
454,Kismayo,SO,2022-06-05 15:49:55,-0.3582,42.5454,79.11,78,94,15.08
455,Skibbereen,IE,2022-06-05 15:49:56,51.55,-9.2667,58.1,90,100,9.71
456,Bulaevo,KZ,2022-06-05 15:49:56,54.9056,70.4439,52.45,60,55,5.53
457,Makinsk,KZ,2022-06-05 15:49:56,52.6292,70.4169,54.66,58,100,2.06
458,Sarangarh,IN,2022-06-05 15:50:57,21.6,83.0833,99.72,21,84,12.28
459,Nokaneng,BW,2022-06-05 15:50:57,-19.6667,22.2667,67.01,26,5,8.41
460,Xapuri,BR,2022-06-05 15:50:58,-10.6517,-68.5044,88.09,52,78,1.41
461,Fureidis,IL,2022-06-05 15:50:58,32.5986,34.9558,76.12,64,0,8.59
462,Jalingo,NG,2022-06-05 15:50:59,8.8833,11.3667,82.45,69,100,2.08
463,Pavilosta,LV,2022-06-05 15:50:59,56.8879,21.1859,62.51,72,59,8.72
464,Quelimane,MZ,2022-06-05 15:50:59,-17.8786,36.8883,71.55,88,75,3.44
465,Maloy,NO,2022-06-05 15:51:00,61.9353,5.1136,53.33,73,62,18.63
466,Salihorsk,BY,2022-06-05 15:51:00,52.7876,27.5415,65.61,69,100,9.37
467,Tamboril,DO,2022-06-05 15:51:01,19.4854,-70.611,90.28,62,20,13.8
468,Aswan,EG,2022-06-05 15:51:01,24.0934,32.907,108.7,8,0,10.36
469,Mezen,RU,2022-06-05 15:51:01,65.8522,44.24,65.86,54,63,8.48
470,Acari,PE,2022-06-05 15:51:02,-15.4311,-74.6158,71.17,64,100,6.04
471,Yenagoa,NG,2022-06-05 15:46:24,4.9247,6.2642,74.64,95,100,2.26
472,Vestmanna,FO,2022-06-05 15:51:03,62.1564,-7.1664,49.12,93,100,6.91
473,Pahalgam,IN,2022-06-05 15:51:03,34.0333,75.3333,56.91,48,4,5.06
474,Verkhnyaya Inta,RU,2022-06-05 15:51:04,65.9811,60.3094,55.35,40,3,13.71
475,Porto Nacional,BR,2022-06-05 15:51:04,-10.7081,-48.4172,89.6,28,1,8.43
476,Usinsk,RU,2022-06-05 15:51:05,65.9939,57.5281,62.78,32,6,6.67
477,Buenos Aires,AR,2022-06-05 15:50:02,-34.6132,-58.3772,60.94,81,100,4.61
478,Presidente Dutra,BR,2022-06-05 15:51:06,-5.29,-44.49,80.65,82,78,7.54
479,Colares,PT,2022-06-05 15:51:06,38.7992,-9.4469,78.48,47,20,17.27
480,Ouro Preto Do Oeste,BR,2022-06-05 15:51:06,-10.7481,-62.2158,87.57,49,5,2.95
481,Turukhansk,RU,2022-06-05 15:51:07,65.8167,87.9833,40.17,57,100,5.88
482,Buchanan,LR,2022-06-05 15:51:07,5.8808,-10.0467,82.47,74,81,8.46
483,Manakara,MG,2022-06-05 15:51:08,-22.1333,48.0167,68.79,89,65,1.86
484,Slonim,BY,2022-06-05 15:51:08,53.0867,25.3219,67.17,62,85,6.33
485,Kitui,KE,2022-06-05 15:51:08,-1.367,38.0106,65.26,73,65,9.35
486,Czersk,PL,2022-06-05 15:51:09,53.7959,17.9765,70.12,42,0,9.93
487,Kerman,IR,2022-06-05 15:51:09,30.2832,57.0788,82.26,13,0,9.22
488,Crotone,IT,2022-06-05 15:51:10,39.0851,17.1178,96.19,47,73,9.89
489,Killybegs,IE,2022-06-05 15:51:10,54.6333,-8.45,67.71,57,67,11.1
490,Gunjur,GM,2022-06-05 15:51:10,13.2019,-16.7339,89.67,58,84,9.22
491,Sao Gabriel,BR,2022-06-05 15:46:22,-30.3364,-54.32,61.83,97,100,5.08
492,Kayes,ML,2022-06-05 15:51:11,14.0,-11.0,100.53,24,73,3.53
493,Kerch,UA,2022-06-05 15:51:12,45.3583,36.4758,73.62,72,0,8.48
494,Hvide Sande,DK,2022-06-05 15:51:12,56.0045,8.1294,70.09,75,100,14.9
495,Pudozh,RU,2022-06-05 15:51:12,61.8099,36.5345,60.78,66,6,5.48
496,Santa Vitoria Do Palmar,BR,2022-06-05 15:51:13,-33.5189,-53.3681,64.53,74,95,3.47
497,Tete,MZ,2022-06-05 15:51:13,-16.1564,33.5867,80.69,41,20,14.0
498,Numan,NG,2022-06-05 15:51:14,9.4667,12.0333,89.96,41,100,1.66
499,Tonstad,NO,2022-06-05 15:51:14,58.6626,6.7169,73.42,34,60,3.51
500,Nyimba,ZM,2022-06-05 15:51:15,-14.5566,30.8149,72.05,37,41,9.55
501,Pozo Colorado,PY,2022-06-05 15:51:15,-23.4923,-58.7972,86.25,44,58,12.37
502,Thessalon,CA,2022-06-05 15:52:16,46.2501,-83.5666,64.69,72,1,5.82
503,Ambilobe,MG,2022-06-05 15:52:16,-13.2,49.05,72.54,69,0,5.17
504,Morlaix,FR,2022-06-05 15:52:17,48.5833,-4.0,64.72,61,40,17.27
505,Morazan,HN,2022-06-05 15:52:17,15.3167,-87.6,82.17,56,100,1.61
506,Hobyo,SO,2022-06-05 15:52:17,5.3505,48.5268,78.87,82,25,25.84
507,Puri,IN,2022-06-05 15:52:18,19.8,85.85,84.72,86,79,12.62
508,Moose Factory,CA,2022-06-05 15:52:18,51.2585,-80.6094,55.4,94,100,8.05
509,Campos Belos,BR,2022-06-05 15:52:19,-13.0367,-46.7717,88.57,27,0,7.27
510,Valparaiso,CL,2022-06-05 15:52:19,-33.0393,-71.6273,60.44,87,75,3.44
511,Piacabucu,BR,2022-06-05 15:52:20,-10.4056,-36.4344,78.73,79,20,11.36
512,Gazanjyk,TM,2022-06-05 15:52:20,39.2446,55.5154,91.15,8,3,9.28
513,Sorata,BO,2022-06-05 15:52:21,-15.7667,-68.6333,52.88,70,71,8.03
514,Salekhard,RU,2022-06-05 15:52:21,66.53,66.6019,48.61,33,47,5.48
515,Manoel Urbano,BR,2022-06-05 15:52:22,-8.8389,-69.2597,88.02,55,45,1.63
516,Anori,BR,2022-06-05 15:52:22,-3.7728,-61.6442,86.79,62,98,2.39
517,Mkushi,ZM,2022-06-05 15:52:23,-13.6202,29.3939,58.12,58,70,5.66
518,Zverinogolovskoye,RU,2022-06-05 15:52:23,54.4586,64.8542,52.16,78,31,7.58
519,Ordynskoye,RU,2022-06-05 15:52:24,54.3656,81.8994,47.25,67,98,8.43
520,Rodnykove,UA,2022-06-05 15:52:24,45.043,33.9541,78.46,45,8,9.48
521,Stolin,BY,2022-06-05 15:52:25,51.8912,26.846,67.75,69,56,6.67
522,Mezhdurechensk,RU,2022-06-05 15:52:25,53.6942,88.0603,46.67,99,100,3.74
523,Eydhafushi,MV,2022-06-05 15:52:25,5.1033,73.0708,82.78,75,44,14.92
524,Maldonado,UY,2022-06-05 15:48:26,-34.6667,-54.9167,60.19,72,100,4.56
525,Shihezi,CN,2022-06-05 15:52:26,44.3,86.0333,72.48,32,3,10.4
526,Bambari,CF,2022-06-05 15:52:27,5.768,20.6757,81.88,68,82,4.99
527,Cap-Aux-Meules,CA,2022-06-05 15:52:27,47.3821,-61.8597,51.85,66,75,10.36
528,La Fria,VE,2022-06-05 15:52:28,8.2203,-72.2439,80.71,50,29,5.39
529,Savonlinna,FI,2022-06-05 15:52:28,61.8699,28.88,55.45,67,100,10.36
530,Pottstown,US,2022-06-05 15:52:29,40.2454,-75.6496,76.37,41,25,5.01
531,Belmonte,BR,2022-06-05 15:52:29,-15.8631,-38.8828,76.01,60,90,14.76
532,Parati,BR,2022-06-05 15:52:29,-23.2178,-44.7131,73.89,61,77,5.12
533,Mozarlandia,BR,2022-06-05 15:52:30,-14.7447,-50.5706,94.6,23,3,7.87
534,Lugo,ES,2022-06-05 15:52:30,43.0,-7.5,73.76,46,88,1.01
535,Bonavista,CA,2022-06-05 15:52:31,48.6499,-53.1147,41.56,93,100,18.34
536,Les Cayes,HT,2022-06-05 15:52:31,18.2,-73.75,82.33,80,87,16.11
537,Zarate,AR,2022-06-05 15:52:31,-34.0981,-59.0286,59.04,77,100,4.0
538,Moundsville,US,2022-06-05 15:52:32,39.9203,-80.7431,79.16,45,68,5.17
539,Nioro,GM,2022-06-05 15:52:32,13.35,-15.75,102.58,26,36,6.02
540,Ust-Tsilma,RU,2022-06-05 15:52:33,65.441,52.1498,66.85,26,1,7.74
541,Valdosta,US,2022-06-05 15:52:21,30.8327,-83.2785,87.91,69,40,6.91
542,Nkoteng,CM,2022-06-05 15:52:33,4.5167,12.0333,74.91,79,97,1.68
543,Griffin,US,2022-06-05 15:52:34,33.2468,-84.2641,82.71,56,0,10.36
544,Mont-De-Marsan,FR,2022-06-05 15:52:34,44.0,-0.6667,77.94,61,20,9.22
545,San Mauro Torinese,IT,2022-06-05 15:52:35,45.1058,7.7545,87.69,51,40,11.5
546,Vila Do Maio,CV,2022-06-05 15:52:35,15.1333,-23.2167,84.99,81,23,15.32
547,Urumqi,CN,2022-06-05 15:50:02,43.801,87.6005,72.55,29,0,4.47
548,Freetown,SL,2022-06-05 15:53:36,8.484,-13.2299,81.05,78,99,9.22
549,Divo,CI,2022-06-05 15:53:36,5.8397,-5.36,80.44,78,98,6.15
550,Wajid,SO,2022-06-05 15:53:37,3.8093,43.2471,81.68,50,100,11.5
551,Tunceli,TR,2022-06-05 15:53:37,39.1083,39.5471,78.04,31,0,5.1
552,Ozinki,RU,2022-06-05 15:53:38,51.1786,49.6769,71.91,57,99,6.42
553,Tutayev,RU,2022-06-05 15:53:38,57.8853,39.5406,57.54,85,100,6.11
554,Mbaiki,CF,2022-06-05 15:53:38,3.8678,17.9892,76.75,79,100,3.98
555,Marzuq,YE,2022-06-05 15:53:39,14.4,46.4667,82.08,34,81,5.1
556,Banda Aceh,ID,2022-06-05 15:53:39,5.5577,95.3222,80.69,81,100,7.43
557,Krutinka,RU,2022-06-05 15:53:40,56.0055,71.5113,49.68,71,63,4.47
558,Varhaug,NO,2022-06-05 15:53:40,58.6147,5.6457,64.85,74,57,20.71
559,Kuryk,KZ,2022-06-05 15:53:40,43.2,51.65,80.13,31,94,1.97
560,Barra,BR,2022-06-05 15:53:41,-11.0894,-43.1417,83.08,47,73,10.85
561,Rio Grande,BR,2022-06-05 15:53:41,-32.035,-52.0986,64.51,93,95,5.84
